[{"model": "infrastructure.expenditure", "pk": 1, "fields": {"project": 1, "budget_phase": 27, "financial_year": 4, "amount": "9985125.00"}}, {"model": "infrastructure.expenditure", "pk": 2, "fields": {"project": 1, "budget_phase": 27, "financial_year": 5, "amount": "7867300.00"}}, {"model": "infrastructure.expenditure", "pk": 3, "fields": {"project": 2, "budget_phase": 27, "financial_year": 1, "amount": "3600000.00"}}, {"model": "infrastructure.expenditure", "pk": 4, "fields": {"project": 2, "budget_phase": 27, "financial_year": 4, "amount": "22722530.00"}}, {"model": "infrastructure.expenditure", "pk": 5, "fields": {"project": 2, "budget_phase": 27, "financial_year": 5, "amount": "20000000.00"}}, {"model": "infrastructure.expenditure", "pk": 6, "fields": {"project": 3, "budget_phase": 26, "financial_year": 3, "amount": "19537552.00"}}, {"model": "infrastructure.expenditure", "pk": 7, "fields": {"project": 3, "budget_phase": 27, "financial_year": 1, "amount": "900000.00"}}, {"model": "infrastructure.expenditure", "pk": 8, "fields": {"project": 4, "budget_phase": 25, "financial_year": 2, "amount": "69709.00"}}, {"model": "infrastructure.expenditure", "pk": 9, "fields": {"project": 4, "budget_phase": 26, "financial_year": 3, "amount": "445291.00"}}, {"model": "infrastructure.expenditure", "pk": 10, "fields": {"project": 4, "budget_phase": 27, "financial_year": 1, "amount": "500000.00"}}, {"model": "infrastructure.expenditure", "pk": 11, "fields": {"project": 4, "budget_phase": 27, "financial_year": 4, "amount": "500000.00"}}, {"model": "infrastructure.expenditure", "pk": 12, "fields": {"project": 4, "budget_phase": 27, "financial_year": 5, "amount": "500000.00"}}, {"model": "infrastructure.expenditure", "pk": 13, "fields": {"project": 5, "budget_phase": 26, "financial_year": 3, "amount": "18975728.00"}}, {"model": "infrastructure.expenditure", "pk": 14, "fields": {"project": 5, "budget_phase": 27, "financial_year": 1, "amount": "42000000.00"}}, {"model": "infrastructure.expenditure", "pk": 15, "fields": {"project": 5, "budget_phase": 27, "financial_year": 4, "amount": "89500000.00"}}, {"model": "infrastructure.expenditure", "pk": 16, "fields": {"project": 5, "budget_phase": 27, "financial_year": 5, "amount": "87500000.00"}}, {"model": "infrastructure.expenditure", "pk": 17, "fields": {"project": 6, "budget_phase": 26, "financial_year": 3, "amount": "62462973.00"}}, {"model": "infrastructure.expenditure", "pk": 18, "fields": {"project": 6, "budget_phase": 27, "financial_year": 1, "amount": "33000000.00"}}, {"model": "infrastructure.expenditure", "pk": 19, "fields": {"project": 6, "budget_phase": 27, "financial_year": 4, "amount": "35000000.00"}}, {"model": "infrastructure.expenditure", "pk": 20, "fields": {"project": 6, "budget_phase": 27, "financial_year": 5, "amount": "28000000.00"}}, {"model": "infrastructure.expenditure", "pk": 21, "fields": {"project": 7, "budget_phase": 26, "financial_year": 3, "amount": "5951676.00"}}, {"model": "infrastructure.expenditure", "pk": 22, "fields": {"project": 7, "budget_phase": 27, "financial_year": 1, "amount": "224616000.00"}}, {"model": "infrastructure.expenditure", "pk": 23, "fields": {"project": 7, "budget_phase": 27, "financial_year": 4, "amount": "169346000.00"}}, {"model": "infrastructure.expenditure", "pk": 24, "fields": {"project": 7, "budget_phase": 27, "financial_year": 5, "amount": "178060440.00"}}, {"model": "infrastructure.expenditure", "pk": 25, "fields": {"project": 2, "budget_phase": 44, "financial_year": 1, "amount": "3600000.00"}}, {"model": "infrastructure.expenditure", "pk": 26, "fields": {"project": 2, "budget_phase": 45, "financial_year": 1, "amount": "1150000.00"}}, {"model": "infrastructure.expenditure", "pk": 27, "fields": {"project": 3, "budget_phase": 44, "financial_year": 1, "amount": "900000.00"}}, {"model": "infrastructure.expenditure", "pk": 28, "fields": {"project": 4, "budget_phase": 25, "financial_year": 3, "amount": "414721.00"}}, {"model": "infrastructure.expenditure", "pk": 29, "fields": {"project": 4, "budget_phase": 44, "financial_year": 1, "amount": "500000.00"}}, {"model": "infrastructure.expenditure", "pk": 30, "fields": {"project": 4, "budget_phase": 45, "financial_year": 1, "amount": "500000.00"}}, {"model": "infrastructure.expenditure", "pk": 31, "fields": {"project": 5, "budget_phase": 25, "financial_year": 3, "amount": "6709667.00"}}, {"model": "infrastructure.expenditure", "pk": 32, "fields": {"project": 5, "budget_phase": 44, "financial_year": 1, "amount": "42000000.00"}}, {"model": "infrastructure.expenditure", "pk": 33, "fields": {"project": 5, "budget_phase": 45, "financial_year": 1, "amount": "83890000.00"}}, {"model": "infrastructure.expenditure", "pk": 34, "fields": {"project": 6, "budget_phase": 44, "financial_year": 1, "amount": "33000000.00"}}, {"model": "infrastructure.expenditure", "pk": 35, "fields": {"project": 6, "budget_phase": 45, "financial_year": 1, "amount": "37131870.00"}}, {"model": "infrastructure.expenditure", "pk": 36, "fields": {"project": 7, "budget_phase": 44, "financial_year": 1, "amount": "224616000.00"}}, {"model": "infrastructure.expenditure", "pk": 37, "fields": {"project": 7, "budget_phase": 45, "financial_year": 1, "amount": "199000000.00"}}, {"model": "infrastructure.project", "pk": 1, "fields": {"geography": 154, "function": "Housing", "project_description": "P-CIN WAT BULK MAINS", "project_number": "PC001002004006_00008", "project_type": "New", "mtsf_service_outcome": "An efficient, competitive and responsive economic infrastructure network", "iudf": "Growth", "own_strategic_objectives": "OWN MUNICIPAL STRATEGIC OBJECTIVE", "asset_class": "Water Supply Infrastructure", "asset_subclass": "Bulk Mains", "ward_location": "Coastal,Midland,...", "longitude": 0.0, "latitude": 0.0, "content_search": "'00008':9 'bulk':6,27 'cin':4 'competit':13 'econom':16 'effici':12 'growth':19 'hous':1 'infrastructur':17,26 'main':7,28 'municip':21 'network':18 'new':10 'object':23 'p':3 'p-cin':2 'pc001002004006':8 'respons':15 'strateg':22 'suppli':25 'wat':5 'water':24", "latest_implementation_year": 1}}, {"model": "infrastructure.project", "pk": 2, "fields": {"geography": 154, "function": "Housing", "project_description": "P-CIN WAT DISTRIB POINT", "project_number": "PC001002004008_00001", "project_type": "New", "mtsf_service_outcome": "An efficient, competitive and responsive economic infrastructure network", "iudf": "Growth", "own_strategic_objectives": "OWN MUNICIPAL STRATEGIC OBJECTIVE", "asset_class": "Water Supply Infrastructure", "asset_subclass": "Distribution Points", "ward_location": "Coastal", "longitude": 0.0, "latitude": 0.0, "content_search": "'00001':9 'cin':4 'competit':13 'distrib':6 'distribut':27 'econom':16 'effici':12 'growth':19 'hous':1 'infrastructur':17,26 'municip':21 'network':18 'new':10 'object':23 'p':3 'p-cin':2 'pc001002004008':8 'point':7,28 'respons':15 'strateg':22 'suppli':25 'wat':5 'water':24", "latest_implementation_year": 1}}, {"model": "infrastructure.project", "pk": 3, "fields": {"geography": 154, "function": "Housing", "project_description": "P-CIN SAN RETICULATION", "project_number": "PC001002005002_00001", "project_type": "New", "mtsf_service_outcome": "An efficient, competitive and responsive economic infrastructure network", "iudf": "Growth", "own_strategic_objectives": "OWN MUNICIPAL STRATEGIC OBJECTIVE", "asset_class": "Sanitation Infrastructure", "asset_subclass": "Reticulation", "ward_location": "Midland", "longitude": 0.0, "latitude": 0.0, "content_search": "'00001':8 'cin':4 'competit':12 'econom':15 'effici':11 'growth':18 'hous':1 'infrastructur':16,24 'municip':20 'network':17 'new':9 'object':22 'p':3 'p-cin':2 'pc001002005002':7 'respons':14 'reticul':6,25 'san':5 'sanit':23 'strateg':21", "latest_implementation_year": 1}}, {"model": "infrastructure.project", "pk": 4, "fields": {"geography": 154, "function": "Housing", "project_description": "P-CNIN FURN & OFF EQUIP", "project_number": "PC002003005_00005", "project_type": "New", "mtsf_service_outcome": "An efficient, effective and development-oriented public service", "iudf": "Growth", "own_strategic_objectives": "OWN MUNICIPAL STRATEGIC OBJECTIVE", "asset_class": "Furniture and Office Equipment", "asset_subclass": "", "ward_location": "Administrative or Head Office", "longitude": 0.0, "latitude": 0.0, "content_search": "'00005':9 'cnin':4 'develop':16 'development-ori':15 'effect':13 'effici':12 'equip':7,28 'furn':5 'furnitur':25 'growth':20 'hous':1 'municip':22 'new':10 'object':24 'offic':27 'orient':17 'p':3 'p-cnin':2 'pc002003005':8 'public':18 'servic':19 'strateg':23", "latest_implementation_year": 1}}, {"model": "infrastructure.project", "pk": 5, "fields": {"geography": 154, "function": "Roads", "project_description": "P-CIER RDS ROADS", "project_number": "PC001001001006001_00001", "project_type": "Renewal", "mtsf_service_outcome": "An efficient, competitive and responsive economic infrastructure network", "iudf": "Inclusion and access", "own_strategic_objectives": "OWN MUNICIPAL STRATEGIC OBJECTIVE", "asset_class": "Roads Infrastructure", "asset_subclass": "Roads", "ward_location": "Coastal,Midland,...", "longitude": 0.0, "latitude": 0.0, "content_search": "'00001':8 'access':20 'cier':4 'competit':12 'econom':15 'effici':11 'inclus':18 'infrastructur':16,26 'municip':22 'network':17 'object':24 'p':3 'p-cier':2 'pc001001001006001':7 'rds':5 'renew':9 'respons':14 'road':1,6,25,27 'strateg':23", "latest_implementation_year": 1}}, {"model": "infrastructure.project", "pk": 6, "fields": {"geography": 154, "function": "Roads", "project_description": "P-CIER RDS ROADS", "project_number": "PC001001001006001_00002", "project_type": "Renewal", "mtsf_service_outcome": "An efficient, competitive and responsive economic infrastructure network", "iudf": "Inclusion and access", "own_strategic_objectives": "OWN MUNICIPAL STRATEGIC OBJECTIVE", "asset_class": "Roads Infrastructure", "asset_subclass": "Roads", "ward_location": "Coastal,Inland,...", "longitude": 0.0, "latitude": 0.0, "content_search": "'00002':8 'access':20 'cier':4 'competit':12 'econom':15 'effici':11 'inclus':18 'infrastructur':16,26 'municip':22 'network':17 'object':24 'p':3 'p-cier':2 'pc001001001006001':7 'rds':5 'renew':9 'respons':14 'road':1,6,25,27 'strateg':23", "latest_implementation_year": 1}}, {"model": "infrastructure.project", "pk": 7, "fields": {"geography": 154, "function": "Roads", "project_description": "P-CIER RDS ROAD STRUCTURE", "project_number": "PC001001001006002_00001", "project_type": "Renewal", "mtsf_service_outcome": "An efficient, competitive and responsive economic infrastructure network", "iudf": "Inclusion and access", "own_strategic_objectives": "OWN MUNICIPAL STRATEGIC OBJECTIVE", "asset_class": "Roads Infrastructure", "asset_subclass": "Road Structures", "ward_location": "Midland,Whole of the Metro,...", "longitude": 0.0, "latitude": 0.0, "content_search": "'00001':9 'access':21 'cier':4 'competit':13 'econom':16 'effici':12 'inclus':19 'infrastructur':17,27 'municip':23 'network':18 'object':25 'p':3 'p-cier':2 'pc001001001006002':8 'rds':5 'renew':10 'respons':15 'road':1,6,26,28 'strateg':24 'structur':7,29", "latest_implementation_year": 1}}, {"model": "infrastructure.projectquarterlyspend", "pk": 1, "fields": {"project": 4, "financial_year": 1, "q1": null, "q2": "33333.00", "q3": "192997.00", "q4": null}}, {"model": "infrastructure.projectquarterlyspend", "pk": 2, "fields": {"project": 5, "financial_year": 1, "q1": null, "q2": "9322201.00", "q3": "17703191.00", "q4": null}}, {"model": "infrastructure.projectquarterlyspend", "pk": 3, "fields": {"project": 6, "financial_year": 1, "q1": "1941870.00", "q2": "21159764.00", "q3": "6741886.00", "q4": null}}, {"model": "infrastructure.projectquarterlyspend", "pk": 4, "fields": {"project": 7, "financial_year": 1, "q1": "20294619.00", "q2": "51004928.00", "q3": "16923437.00", "q4": null}}]