code,label,position_in_return_form,return_form_structure,composition
0200,Property rates,1,heading,
0300,Service charges - Electricity,2,line_item,
0400,Service charges - Water,3,line_item,
0500,Service charges - Waste Water Management,4,line_item,
0600,Service charges - Waste Management,5,line_item,
0700,Sale of Goods and Rendering of Services,6,line_item,
0800,Agency services,7,line_item,
0900,Interest - Deemed Interest,8,line_item,
1000,Interest earned from Receivables,9,line_item,
1100,Interest earned from Current and Non Current Assets,10,line_item,
1200,Dividends,11,line_item,
1300,Rent on Land,12,line_item,
1400,Rental from Fixed Assets,13,line_item,
1500,Licence or permits,14,line_item,
1550,Special rating levies,15,line_item,
1570,Construction Contract Revenue,16,line_item,
1590,Development Charges,17,line_item,
1600,Operational Revenue,18,line_item,
1700,Gains on disposal of PPE,19,line_item,
1800,Property rates,20,line_item,
1900,Surcharges and Taxes,21,line_item,
2000,"Fines, penalties and forfeits",22,line_item,
2100,Licences or permits,23,line_item,
2200,Transfer and subsidies - Operational,24,line_item,
2300,Interest Receivables,25,line_item,
2400,Fuel Levy,26,line_item,
2500,Operational Revenue,27,line_item,
2600,Gains on Disposal of Fixed and Intangible Assets,28,line_item,
2700,Other Gains,29,line_item,
2800,Discontinued Operations,30,line_item,
2900,Total Revenue (excluding capital transfers and contributions),31,subtotal,
3000,Loss on disposal of PPE,32,line_item,
3100,Employee related costs,33,line_item,
3200,Remuneration of councillors,34,line_item,
3300,Bulk purchases - electricity,35,line_item,
3400,Inventory consumed,36,line_item,
3500,Debt impairment,37,line_item,
3600,"Depreciation, Amortisation and Impairment",38,line_item,
3700,"Interest, Dividends and Rent on Land",39,line_item,
3800,Contracted services,40,line_item,
3900,Transfers and subsidies,41,line_item,
4000,Irrecoverable debts written off,42,line_item,
4100,Operational Cost and Other Cost,43,line_item,
4200,Disposal of Fixed and Intangible Assets,44,line_item,
4300,Other Losses,45,line_item,
4400,Total Expenditure,46,subtotal,
4500,Surplus/(Deficit),47,subtotal,
4600,Transfers and subsidies - capital (monetary allocations),48,line_item,
4700,Transfers and subsidies - capital (in-kind),49,line_item,
4800,Surplus/(Deficit) after capital transfers and contributions,50,subtotal,
4900,Income Tax,51,line_item,
5000,Surplus/(Deficit) after income tax,52,subtotal,
5100,Share of Surplus/Deficit attributable to Joint Venture,53,line_item,
5200,Share of Surplus/Deficit attributable to Minorities,54,line_item,
5300,Surplus/(Deficit) attributable to municipality,55,subtotal,
5400,Share of Surplus/Deficit attributable to Associate,56,line_item,
5500,Intercompany/Parent subsidiary transactions,57,line_item,
5600,Surplus/(Deficit) for the year,58,subtotal,
